iter	MultiClass
0	1.365112332
1	1.347356765
2	1.330410643
3	1.317726223
4	1.304876711
5	1.295576741
6	1.283807361
7	1.274998789
